ID,First Name,Last Name,Money Available,Concerts Purchased,TicketMiner Membership,Username,Password
1,Mickey,Mouse,2340.86,0,true,mickeymouse,Fun!23
2,Donald,Duck,4850.84,0,false,donaldduck,Fun!23
3,Minnie,Mouse,1365.7,0,true,minniemouse,Fun!23
4,Goofy,Disney,4171.07,0,true,goofydisney,Fun!23
5,Pluto,Disney,5578.81,0,false,plutodisney,Fun!23
6,Chip,Disney,4886.52,0,true,chipdisney,Fun!23
7,Dale,Disney,4881.4,0,false,daledisney,Fun!23
8,Cinderella,Disney,3933.93,0,true,cinderelladisney,Fun!23
9,Ariel,Disney,3026.28,0,true,arieldisney,Fun!23
10,Jasmine,Disney,2348.55,0,true,jasminedisney,Fun!23
11,Aladdin,Disney,5185.43,0,true,aladdindisney,Fun!23
12,Simba,Disney,5095.66,0,false,simbadisney,Fun!23
13,Mufassa,Disney,2487.49,0,false,mufassadisney,Fun!23
14,Aurora,Disney,2909.45,0,true,auroradisney,Fun!23
15,Peter,Pan,3106.39,0,false,peterpan,Fun!23
16,Woody,Disney,5541.84,0,false,woodydisney,Fun!23
17,Buzz,Lightyear,4867.96,0,true,buzzlightyear,Fun!23
18,Jafar,Aladdin,2406.24,0,false,jafaraladdin,Fun!23
19,Ursela,Mermaid,1424.75,0,true,urselamermaid,Fun!23
20,Beast,Disney,2894.24,0,false,beastdisney,Fun!23
21,Belle,Disney,5942.57,0,true,belledisney,Fun!23
22,Cruella,De Vil,1616.79,0,false,cruellade vil,Fun!23
23,Scar,Lion,3633.47,0,false,scarlion,Fun!23
24,Simba,King,3720.37,0,true,simbaking,Fun!23
25,Gaston,Disney,2360.91,0,false,gastondisney,Fun!23
26,Shere,Khan,2030,0,true,sherekhan,Fun!23
27,Captaiin,Hook,5205.45,0,true,captaiinhook,Fun!23
28,Kaa,Disney,1470.67,0,false,kaadisney,Fun!23
29,Evil,Queen,3606.52,0,false,evilqueen,Fun!23
30,Pinocchio,Disney,918.29,0,false,pinocchiodisney,Fun!23
31,Prince,Eric,3946.76,0,true,princeeric,Fun!23
32,Quasimodo,Disney,2663.47,0,false,quasimododisney,Fun!23
33,Hercules,Disney,1405.23,0,true,herculesdisney,Fun!23
34,Mulan,Disney,5554.95,0,false,mulandisney,Fun!23
35,Lilo,Disney,3670.28,0,false,lilodisney,Fun!23
36,Stitch,Disney,2298.73,0,true,stitchdisney,Fun!23
37,Daniel,Mejia,2011.02,0,false,danielmejia,Fun!23
38,Alireza,Nouri,5158.27,0,false,alirezanouri,Fun!23
39,Isabella,Gaytan,2205.15,0,true,isabellagaytan,Fun!23
40,Alondra,Gonzalez,2166.56,0,false,alondragonzalez,Fun!23
41,Aguayo,Angel,5372.42,0,true,aguayoangel,Fun!23
42,Alvarez,Cesar,830.4,0,true,alvarezcesar,Fun!23
43,Aranda,Javier,5273.49,0,true,arandajavier,Fun!23
44,Ayala,Rafael,2483.49,0,true,ayalarafael,Fun!23
45,BaezRamirez,Raul,4849.52,0,false,baezramirezraul,Fun!23
46,Baquier,Alondra,1642.05,0,true,baquieralondra,Fun!23
47,Booth,Darien,3048.09,0,true,boothdarien,Fun!23
48,Canizales,Gabriela,3869.68,0,false,canizalesgabriela,Fun!23
49,Carrillo,Steven,4074.78,0,false,carrillosteven,Fun!23
50,Cheng,Bungein,966.33,0,false,chengbungein,Fun!23
51,Contreras,Valeria,2163.59,0,true,contrerasvaleria,Fun!23
52,DiazCaraveo,Cesar,3177.86,0,true,diazcaraveocesar,Fun!23
53,Diaz,Hector,3130.25,0,true,diazhector,Fun!23
54,GarciaFernandez,Marco,5252.75,0,false,garciafernandezmarco,Fun!23
55,Garcia,Christian,5244.23,0,true,garciachristian,Fun!23
56,Garcia,Isabella,2103.76,0,false,garciaisabella,Fun!23
57,Garcia,Jorge,1752.09,0,true,garciajorge,Fun!23
58,Gardea,Eric,1792,0,false,gardeaeric,Fun!23
59,Gomez,Derek,1032.97,0,true,gomezderek,Fun!23
60,Gonzalez,Maria,4368.1,0,true,gonzalezmaria,Fun!23
61,Guerra,Kevin,1737.37,0,false,guerrakevin,Fun!23
62,Gutierrez,Ian,4257.99,0,true,gutierrezian,Fun!23
63,Holguin,Alan,2408.19,0,true,holguinalan,Fun!23
64,Huerta,Jazmin,1039.08,0,false,huertajazmin,Fun!23
65,Ike,Michael,2431.57,0,true,ikemichael,Fun!23
66,Jaquez,Jorge,4593.26,0,false,jaquezjorge,Fun!23
67,Johnson,Roberto,4079.61,0,false,johnsonroberto,Fun!23
68,Kocian,Kimberly,1404.24,0,false,kociankimberly,Fun!23
69,Laneave,Erik,4888.59,0,false,laneaveerik,Fun!23
70,Lara,Devin,1002.06,0,false,laradevin,Fun!23
71,Lopez,Caleb,5973.77,0,true,lopezcaleb,Fun!23
72,Macdonald,Claire,2299.86,0,false,macdonaldclaire,Fun!23
73,Mercado,Sebastian,2457.83,0,false,mercadosebastian,Fun!23
74,MestaValenzuela,Natalia,1867.89,0,true,mestavalenzuelanatalia,Fun!23
75,Moreno,Christin,865.6,0,false,morenochristin,Fun!23
76,Nowmi,Saeefa,4681.9,0,false,nowmisaeefa,Fun!23
77,Odom,Christian,1121.89,0,false,odomchristian,Fun!23
78,Padilla,Marko,5742.1,0,false,padillamarko,Fun!23
79,Pallares,Raul,4260.39,0,true,pallaresraul,Fun!23
80,Pedraza,Diego,1134.68,0,true,pedrazadiego,Fun!23
81,Quinn,Anaiah,3179.88,0,false,quinnanaiah,Fun!23
82,Quinones,Luis,4429.14,0,true,quinonesluis,Fun!23
83,Remes,Fernando,2500.57,0,false,remesfernando,Fun!23
84,Rivas,Ashley,5861.44,0,false,rivasashley,Fun!23
85,Rocha,Adrian,1407.4,0,false,rochaadrian,Fun!23
86,Rodriguez,Christian,2533.41,0,false,rodriguezchristian,Fun!23
87,Rojas,Sabas,4565.65,0,false,rojassabas,Fun!23
88,Ruiz,Edgar,4612.6,0,false,ruizedgar,Fun!23
89,Ruiz,Salvador,2014.15,0,true,ruizsalvador,Fun!23
90,Sandoval,Jorge,4670.88,0,false,sandovaljorge,Fun!23
91,Sepulveda,Fernando,5125.57,0,false,sepulvedafernando,Fun!23
92,Staker,William,3953,0,false,stakerwilliam,Fun!23
93,UrbinaAraiza,Angel,3619.53,0,false,urbinaaraizaangel,Fun!23
94,Vallecillo,Martin,5575.62,0,true,vallecillomartin,Fun!23
95,Vazquez,Javier,4682.13,0,false,vazquezjavier,Fun!23
96,Wawra,Walter,1701.51,0,false,wawrawalter,Fun!23
97,Wittmann,Zachary,1424.93,0,true,wittmannzachary,Fun!23
98,Zuany,Maria,3110.3,0,false,zuanymaria,Fun!23